name,age,course
Sai Sharma,18,Deep Learning
Naveen Prasad,21,AI
Kalyan Sharma,28,Deep Learning
Anusha Rao,27,Cloud Computing
Arjun Reddy,19,Data Science
Lakshmi Murthy,27,Python
Mahesh Chowdary,28,Deep Learning
Anusha Raju,21,Cybersecurity
Dinesh Goud,18,AI
Sunitha Raju,23,Web Development
Rohan Chowdary,23,Java
Amit Sastry,19,Machine Learning
Sowmya Swamy,22,Python
Radha Sekhar,26,Java
Nikitha Rao,26,Web Development
Sai Swamy,23,Blockchain
Pooja Rao,18,Full Stack Development
Lakshmi Babu,19,Data Science
Divya Sastry,22,Cybersecurity
Sai Devi,20,Machine Learning
Sowmya Chowdary,28,Web Development
Sunitha Rao,27,Full Stack Development
Meera Nag,21,AI
Ganesh Sastry,22,Full Stack Development
Sunitha Nag,21,Full Stack Development
Kavya Kumar,21,Python
Kavya Sastry,22,Java
Suresh Kalyani,23,Data Science
Bhanu Latha,24,Full Stack Development
Ganesh Naidu,22,AI
Manoj Nag,26,Web Development
Kalyan Kalyani,24,Blockchain
Yashwanth Devi,21,AI
Chandana Latha,19,Python
Vikram Naidu,28,AI
Varun Raju,27,Java
Nikitha Sastry,27,Cybersecurity
Srikanth Goud,26,Python
Varun Sharma,28,DevOps
Sowjanya Goud,28,Machine Learning
Vikram Babu,24,AI
Ganesh Reddy,22,DevOps
Sowjanya Varma,26,Java
Sai Babu,28,DevOps
Keerthi Chowdary,20,Machine Learning
Sowjanya Varma,26,DevOps
Kiran Swamy,23,Cybersecurity
Rahul Sharma,23,Web Development
Manoj Kumar,21,Blockchain
Amit Rao,25,Java
Sowjanya Nag,20,AI
Teja Latha,26,AI
Swathi Murthy,27,Cloud Computing
Suresh Nag,21,Deep Learning
Rajesh Sastry,28,Full Stack Development
Vamsi Sekhar,26,Cybersecurity
Vikram Prasad,21,Java
Harish Reddy,27,DevOps
Lakshmi Kalyani,21,Python
Priya Kumar,21,Java
Arjun Krishna,19,DevOps
Manoj Goud,28,Cybersecurity
Suresh Nag,20,Deep Learning
Sravani Kalyani,25,Data Science
Ramya Raju,21,Java
Divya Raju,23,Cloud Computing
Sindhu Sekhar,18,Full Stack Development
Bhanu Sharma,18,Cloud Computing
Radha Krishna,19,Data Science
Pooja Chowdary,26,Cybersecurity
Anjali Raju,20,Web Development
Ganesh Prasad,19,Cybersecurity
Mahesh Sharma,18,Full Stack Development
Anusha Reddy,19,Data Science
Meera Raju,25,Cybersecurity
Suresh Sastry,18,AI
Nikitha Reddy,24,Web Development
Ganesh Babu,24,Deep Learning
Radha Nag,28,Deep Learning
Tejas Naidu,21,Web Development
Suresh Kumar,27,Deep Learning
Anusha Kumar,23,Python
Sneha Kalyani,25,DevOps
Srikanth Varma,18,DevOps
Amit Varma,19,Blockchain
Priya Prasad,24,Java
Sravani Prasad,27,Blockchain
Arjun Swamy,19,Cloud Computing
Teja Kalyani,27,DevOps
Kavya Goud,21,Full Stack Development
Gopal Krishna,21,Web Development
Yashwanth Naidu,28,Full Stack Development
Rajesh Sekhar,23,Java
Kiran Sekhar,27,Blockchain
Divya Rao,26,Data Science
Chandana Goud,20,Machine Learning
Priya Prasad,23,Web Development
Meera Sekhar,26,Deep Learning
Rajesh Swamy,28,DevOps
Kiran Nag,22,Full Stack Development
Divya Naidu,22,Java
Divya Nag,20,Web Development
Deepika Swamy,21,Deep Learning
Harish Chowdary,28,Full Stack Development
Swathi Murthy,25,Web Development
Sneha Rao,28,Cloud Computing
Naveen Kumar,18,Machine Learning
Prasad Naidu,28,Web Development
Meera Sekhar,26,Deep Learning
Praveen Nag,18,Java
Priya Naidu,26,Python
Vamsi Kalyani,26,AI
Praveen Naidu,18,Web Development
Vamsi Kumar,23,Data Science
Varun Prasad,28,Java
Sowmya Nag,24,Blockchain
Kalyan Naidu,21,AI
Karthik Raju,18,AI
Kalyan Krishna,24,Full Stack Development
Kalyan Prasad,22,AI
Sunitha Sharma,24,Python
Ramya Prasad,21,Cybersecurity
Sowmya Babu,21,Data Science
Rahul Chowdary,24,Machine Learning
Naveen Rao,22,Machine Learning
Bhanu Murthy,24,Full Stack Development
Anusha Krishna,18,Java
Swathi Varma,27,Web Development
Arjun Sharma,27,Cloud Computing
Sowmya Krishna,24,Blockchain
Chandana Sharma,24,Blockchain
Pooja Goud,18,Deep Learning
Praveen Reddy,26,DevOps
Varun Chowdary,23,Cloud Computing
Priya Krishna,27,Machine Learning
Teja Sharma,22,DevOps
Rajesh Raju,23,Cloud Computing
Sunitha Babu,26,AI
Pooja Raju,28,Cloud Computing
Varun Varma,27,Blockchain
Rajesh Sastry,26,Python
Rajesh Babu,21,Cloud Computing
Dinesh Swamy,28,Machine Learning
Ganesh Sekhar,25,Full Stack Development
Suresh Murthy,25,Deep Learning
Meera Rao,22,DevOps
Teja Swamy,23,Java
Sowjanya Prasad,28,Web Development
Lakshmi Chowdary,20,Python
Arjun Prasad,25,Blockchain
Prasad Rao,25,Cloud Computing
Sai Kalyani,21,Deep Learning
Sunitha Sastry,25,Cloud Computing
Manoj Naidu,28,Deep Learning
Kiran Sharma,24,Data Science
Karthik Murthy,25,Python
Mahesh Prasad,19,Cybersecurity
Anjali Sekhar,28,DevOps
Mahesh Swamy,23,Cybersecurity
Ashok Murthy,24,DevOps
Bhavya Varma,25,Cybersecurity
Swathi Prasad,28,Web Development
Prasad Murthy,25,Full Stack Development
Manoj Goud,25,Java
Gopal Babu,21,Web Development
Harish Krishna,26,Java
Anjali Naidu,21,Cloud Computing
Sunitha Naidu,21,Java
Sindhu Raju,23,DevOps
Ganesh Raju,18,Data Science
Sindhu Sastry,27,Deep Learning
Rahul Kalyani,24,Cybersecurity
Kiran Devi,22,Cloud Computing
Sindhu Nag,26,Blockchain
Lakshmi Latha,21,Web Development
Praveen Latha,18,Cloud Computing
Harish Sastry,20,Cybersecurity
Anjali Swamy,26,Python
Yashwanth Kalyani,27,Full Stack Development
Rahul Rao,28,Cloud Computing
Anjali Sekhar,20,Python
Swathi Sastry,23,Data Science
Ganesh Krishna,23,Cloud Computing
Naveen Raju,22,Java
Ramya Reddy,26,Python
Sowmya Prasad,28,Java
Prasad Kumar,18,Data Science
Pooja Reddy,27,AI
Manoj Naidu,25,Full Stack Development
Vikram Kalyani,21,Cybersecurity
Sunitha Goud,23,AI
Keerthi Swamy,19,AI
Rajesh Sharma,27,Python
Rajesh Kalyani,28,Cloud Computing
Yashwanth Chowdary,19,Blockchain
Sunitha Prasad,19,Deep Learning
Prasad Babu,28,Blockchain
Vikram Kalyani,18,Machine Learning
Anusha Raju,28,Machine Learning
Priya Murthy,28,Machine Learning
Kiran Raju,25,Java
Praveen Devi,28,Cybersecurity
Gopal Naidu,24,AI
Radha Murthy,28,Web Development
Ashok Nag,25,Cybersecurity
Praveen Kalyani,22,Machine Learning
Manoj Rao,22,Cybersecurity
Manoj Sekhar,27,Blockchain
Teja Sastry,23,Python
Tejas Krishna,20,Cybersecurity
Suresh Devi,22,Machine Learning
Naveen Swamy,22,DevOps
Kiran Murthy,21,Java
Manoj Raju,25,DevOps
Sowjanya Prasad,25,Full Stack Development
Gopal Latha,25,Python
Amit Babu,21,Cloud Computing
Sunitha Prasad,22,Full Stack Development
Dinesh Devi,25,DevOps
Srikanth Devi,24,Deep Learning
Mahesh Krishna,23,Deep Learning
Ganesh Goud,22,Web Development
Lakshmi Sharma,21,Machine Learning
Vikram Nag,20,Data Science
Suresh Latha,22,Deep Learning
Dinesh Murthy,27,Web Development
Divya Chowdary,22,Data Science
Vamsi Varma,22,Python
Gopal Nag,20,Web Development
Arjun Kumar,26,Web Development
Sunitha Naidu,28,Cybersecurity
Divya Reddy,27,Web Development
Ramya Latha,25,Machine Learning
Karthik Kumar,22,Cybersecurity
Vikram Rao,24,Cybersecurity
Priya Kalyani,28,Full Stack Development
Sneha Naidu,20,Blockchain
Rajesh Rao,21,Java
Mahesh Raju,27,Blockchain
Ashok Prasad,26,Cloud Computing
Bhavya Sekhar,22,Blockchain
Praveen Babu,27,Blockchain
Sneha Swamy,19,Data Science
Sai Chowdary,22,Full Stack Development
Amit Varma,21,AI
Mahesh Rao,20,Python
Sindhu Sekhar,27,Cybersecurity
Deepika Kumar,21,Web Development
Gopal Babu,25,Java
Varun Prasad,22,Full Stack Development
Dinesh Chowdary,24,Java
Anusha Prasad,28,AI
Naveen Naidu,19,Python
Meera Babu,27,Deep Learning
Sravani Babu,25,Java
Ganesh Babu,24,Web Development
Chandana Nag,25,Cybersecurity
Amit Swamy,18,Cloud Computing
Kalyan Krishna,27,Web Development
Rahul Rao,21,Full Stack Development
Sravani Kalyani,18,Full Stack Development
Naveen Kalyani,18,AI
Ramya Murthy,28,Cybersecurity
Naveen Varma,27,Cloud Computing
Sai Latha,19,Cybersecurity
Sowmya Raju,23,Machine Learning
Teja Sharma,20,Machine Learning
Sindhu Latha,22,Full Stack Development
Yashwanth Nag,18,Cybersecurity
Amit Krishna,22,Machine Learning
Vikram Sastry,26,Python
Teja Nag,25,Cloud Computing
Sneha Chowdary,26,Machine Learning
Ashok Latha,28,Cybersecurity
Sowjanya Kumar,21,Web Development
Mahesh Naidu,22,Cybersecurity
Sunitha Latha,19,Python
Sai Swamy,21,Deep Learning
Meera Babu,26,Python
Mahesh Raju,19,Data Science
Vikram Sekhar,19,Full Stack Development
Rohan Latha,22,DevOps
Gopal Goud,24,Cybersecurity
Ramya Prasad,25,DevOps
Rohan Sastry,21,Blockchain
Chandana Naidu,19,Web Development
Prasad Raju,23,DevOps
Naveen Reddy,22,Deep Learning
Rajesh Kalyani,27,Full Stack Development
Tejas Naidu,25,DevOps
Ramya Devi,23,DevOps
Sowjanya Nag,24,Cybersecurity
Kavya Chowdary,21,Blockchain
Nikitha Prasad,24,Python
Kavya Latha,24,Cloud Computing
Teja Naidu,25,Python
Anjali Murthy,27,Machine Learning
Divya Sekhar,19,DevOps
Ganesh Reddy,20,Cloud Computing
Bhanu Naidu,19,Cybersecurity
Swathi Krishna,27,Deep Learning
Yashwanth Rao,23,Full Stack Development
Anusha Sastry,23,Full Stack Development
Gopal Latha,26,Python
Ashok Rao,21,Full Stack Development
Varun Babu,21,Deep Learning
Amit Raju,19,Full Stack Development
Gopal Sharma,25,AI
Sunitha Babu,18,Python
Kavya Kumar,22,Machine Learning
Vamsi Raju,20,Data Science
Srikanth Raju,27,Full Stack Development
Karthik Varma,20,Java
Ashok Sastry,27,Full Stack Development
Manoj Latha,27,AI
Lakshmi Sekhar,28,Web Development
Ganesh Goud,28,Python
Ganesh Babu,28,DevOps
Meera Rao,25,Machine Learning
Dinesh Babu,28,Cloud Computing
Sunitha Goud,25,Web Development
Pooja Sastry,25,Java
Manoj Sastry,27,Machine Learning
Sravani Babu,22,Python
Teja Sastry,22,Python
Sravani Kumar,27,Deep Learning
Tejas Babu,21,Blockchain
Sowmya Prasad,28,Data Science
Ashok Goud,28,Deep Learning
Prasad Naidu,28,Java
Sai Kumar,22,Cybersecurity
Arjun Kalyani,23,Deep Learning
Anjali Rao,22,Machine Learning
Kalyan Raju,20,Data Science
Anjali Nag,23,DevOps
Chandana Goud,20,Web Development
Ramya Babu,23,Java
Ganesh Rao,20,Data Science
Varun Sastry,26,Machine Learning
Amit Sastry,18,Web Development
Anusha Sharma,25,Machine Learning
Varun Goud,27,Cloud Computing
Sai Devi,19,Full Stack Development
Lakshmi Latha,18,Blockchain
Mahesh Krishna,27,Data Science
Bhanu Rao,28,Cybersecurity
Sunitha Babu,28,Cloud Computing
Vikram Naidu,18,Python
Rajesh Latha,19,Java
Manoj Nag,20,Cloud Computing
Ganesh Devi,28,Deep Learning
Sunitha Nag,24,Blockchain
Kalyan Naidu,24,Full Stack Development
Divya Latha,27,Cloud Computing
Naveen Kumar,23,Data Science
Bhavya Sekhar,21,Machine Learning
Divya Devi,26,Full Stack Development
Sowmya Kumar,24,Web Development
Pooja Sharma,25,Java
Teja Chowdary,28,Full Stack Development
Keerthi Reddy,18,Machine Learning
Manoj Naidu,27,Data Science
Priya Nag,21,Blockchain
Suresh Prasad,23,AI
Keerthi Reddy,22,AI
Anjali Nag,22,AI
Vikram Reddy,20,Python
Sowmya Prasad,27,Machine Learning
Rahul Varma,22,Python
Anjali Raju,26,Java
Kalyan Rao,25,Cybersecurity
Prasad Devi,26,Blockchain
Divya Sekhar,26,Data Science
Ashok Kumar,28,DevOps
Rajesh Sekhar,28,Python
Sneha Latha,24,Cloud Computing
Varun Sharma,25,Deep Learning
Bhavya Rao,19,Machine Learning
Keerthi Naidu,19,AI
Naveen Swamy,28,Blockchain
Mahesh Krishna,24,Blockchain
Srikanth Babu,25,DevOps
Keerthi Raju,19,Deep Learning
Vikram Nag,21,Cloud Computing
Bhavya Prasad,24,Machine Learning
Ganesh Sastry,24,Deep Learning
Divya Krishna,24,Machine Learning
Teja Goud,23,AI
Varun Latha,19,Java
Amit Rao,24,Java
Kalyan Devi,20,DevOps
Sneha Kalyani,26,DevOps
Harish Sharma,24,Machine Learning
Teja Raju,18,Web Development
Keerthi Babu,23,Java
Sravani Murthy,21,AI
Teja Latha,21,Java
Sowmya Nag,23,Java
Sowjanya Goud,27,Data Science
Praveen Nag,27,Blockchain